title,price,age,quantity,link
Палео: Ужасные птицы (Paleo: Die Terrorvögel),11.00 руб.,Возраст игроков 10+,Количество игроков 2-4,http://www.nastolki.by/все-игры/палео-ужасные-птицы-paleo-die-terrorvögel/
Палео (Paleo),151.00 руб.,Возраст игроков 10+,Количество игроков 2-4,http://www.nastolki.by/все-игры/палео-paleo/
Время приключений. Карточные войны. Лимонохват против Гантера,37.00 руб.,Возраст игроков 10+,Количество игроков 2,http://www.nastolki.by/все-игры/время-приключений.-карточные-войны.-лимонохват-против-гантера/
Эпичные схватки боевых магов: Лютый дебош в Адской школе,49.00 руб.,Возраст игроков 18+,Количество игроков 2-6,http://www.nastolki.by/все-игры/эпичные-схватки-боевых-магов-лютый-дебош-в-адской-школе/
Каркассон. Big Box,151.00 руб.,Возраст игроков 7+,Количество игроков 2-6,http://www.nastolki.by/все-игры/каркассон.-big-box/
Миконки (Micons),26.00 руб.,Возраст игроков 3+,Количество игроков 2-4,http://www.nastolki.by/все-игры/миконки-micons/
Зомби в городе (Zombie Teenz Evolution),65.00 руб.,Возраст игроков 8+,Количество игроков 2-4,http://www.nastolki.by/все-игры/зомби-в-городе-zombie-teenz-evolution/
Хуанхэ и Янцзы (Yellow & Yangtze),125.00 руб.,Возраст игроков 14+,Количество игроков 2-4,http://www.nastolki.by/все-игры/хуанхэ-и-янцзы-yellow-yangtze/
Андор: Новые герои (Legends of Andor: New Heroes),62.00 руб.,Возраст игроков 10+,Количество игроков 2-6,http://www.nastolki.by/все-игры/андор-новые-герои-legends-of-andor-new-heroes/
Сундучок знаний. Мир динозавров,49.00 руб.,Возраст игроков 6+,Количество игроков 1+,http://www.nastolki.by/все-игры/сундучок-знаний.-мир-динозавров/
IQ лото для малышей. Счёт и фигуры. Подбери число (Айрис-пресс),11.00 руб.,Возраст игроков 4+,Количество игроков 2-4,http://www.nastolki.by/все-игры/iq-лото-для-малышей.-счёт-и-фигуры.-подбери-число-айрис-пресс/
IQ лото для малышей. Волшебный праздник. Подбери силуэт (Айрис-пресс),11.00 руб.,Возраст игроков 3+,Количество игроков 2-4,http://www.nastolki.by/все-игры/iq-лото-для-малышей.-волшебный-праздник.-подбери-силуэт-айрис-пресс/
IQ лото для малышей. Азбука. Подбери букву (Айрис-пресс),11.00 руб.,Возраст игроков 4+,Количество игроков 2-4,http://www.nastolki.by/все-игры/iq-лото-для-малышей.-азбука.-подбери-букву-айрис-пресс/
Пчелы. Тайное королевство (Bees: The Secret Kingdom),32.00 руб.,Возраст игроков 6+,Количество игроков 2-6,http://www.nastolki.by/все-игры/пчелы.-тайное-королевство-bees-the-secret-kingdom/
Пентаго Третье Измерение (Pentago Tripple),56.00 руб.,Возраст игроков 8+,Количество игроков 2-4,http://www.nastolki.by/все-игры/пентаго-третье-измерение-pentago-tripple/
Cluedo. Паутина лжи,90.00 руб.,Возраст игроков 8+,Количество игроков 2-6,http://www.nastolki.by/все-игры/cluedo.-паутина-лжи/
Таверны Тифенталя (The Taverns of Tiefenthal),124.00 руб.,Возраст игроков 18+,Количество игроков 2-4,http://www.nastolki.by/все-игры/таверны-тифенталя-the-taverns-of-tiefenthal/
Выше и ниже (Above and Below),120.00 руб.,Возраст игроков 13+,Количество игроков 2-4,http://www.nastolki.by/все-игры/выше-и-ниже-above-and-below/
Экспансия. Век паруса (Endeavor: Age of Sail),170.00 руб.,Возраст игроков 14+,Количество игроков 2-5,http://www.nastolki.by/все-игры/экспансия.-век-паруса-endeavor-age-of-sail/
Келюс 1303 (Caylus 1303),150.00 руб.,Возраст игроков 14+,Количество игроков 2-5,http://www.nastolki.by/все-игры/келюс-1303-caylus-1303/
Ганеша (Ganesha),87.00 руб.,Возраст игроков 14+,Количество игроков 2-4,http://www.nastolki.by/все-игры/ганеша-ganesha/
Отголоски (Aftermath),227.00 руб.,Возраст игроков 14+,Количество игроков 2-4,http://www.nastolki.by/все-игры/отголоски-aftermath/
Ведьмак. Настольная ролевая игра (The Witcher TRPG),83.00 руб.,Возраст игроков 18+,Количество игроков 2+,http://www.nastolki.by/все-игры/ведьмак.-настольная-ролевая-игра-the-witcher-trpg/
Марко Поло 2: На службе хана (Marco Polo II: In The Service Of The Khan),170.00 руб.,Возраст игроков 12+,Количество игроков 2-4,http://www.nastolki.by/все-игры/марко-поло-2-на-службе-хана-marco-polo-ii-in-the-service-of-the-khan/
Loonacy MARVEL,22.00 руб.,Возраст игроков 8+,Количество игроков 2-5,http://www.nastolki.by/все-игры/loonacy-marvel/
Неудержимые единорожки (Unstable Unicorns),37.00 руб.,Возраст игроков 12+,Количество игроков 2-8,http://www.nastolki.by/все-игры/неудержимые-единорожки-unstable-unicorns/
Каркассон Junior,56.00 руб.,Возраст игроков 4+,Количество игроков 2-4,http://www.nastolki.by/все-игры/каркассон-junior/
Звездные войны: Восстание. Рассвет Империи (Star Wars: Rebellion - Rise of the Empire),110.00 руб.,Возраст игроков 13+,Количество игроков 2-4,http://www.nastolki.by/все-игры/звездные-войны-восстание.-рассвет-империи-star-wars-rebellion-rise-of-the-empire/
Фоторыбка,73.00 руб.,Возраст игроков 4+,Количество игроков 2-4,http://www.nastolki.by/все-игры/фоторыбка/
Доббль. Холодное сердце 2,49.00 руб.,Возраст игроков 4+,Количество игроков 2-8,http://www.nastolki.by/все-игры/доббль.-холодное-сердце-2/
Хозяин леса (Эврикус),62.00 руб.,Возраст игроков 8+,Количество игроков 2-4,http://www.nastolki.by/все-игры/хозяин-леса-эврикус/
Нидавеллир (Nidavellir),97.00 руб.,Возраст игроков 10+,Количество игроков 2-5,http://www.nastolki.by/все-игры/нидавеллир-nidavellir/
Экивоки. Для друзей,55.00 руб.,Возраст игроков 7+,Количество игроков 2-16,http://www.nastolki.by/все-игры/экивоки.-для-друзей/
Терра Мистика: Торговцы морей (Terra Mystica: Merchants of the Seas),159.00 руб.,Возраст игроков 14+,Количество игроков 2-5,http://www.nastolki.by/все-игры/терра-мистика-торговцы-морей-terra-mystica-merchants-of-the-seas/
Кровус Максимус (Gorus Maximus),26.00 руб.,Возраст игроков 18+,Количество игроков 1-8,http://www.nastolki.by/все-игры/кровус-максимус-gorus-maximus/
Маракайбо (Maracaibo),189.00 руб.,Возраст игроков 12+,Количество игроков 1-4,http://www.nastolki.by/все-игры/маракайбо-maracaibo/
Драконье королевство (Dragomino),74.00 руб.,Возраст игроков 5+,Количество игроков 2-4,http://www.nastolki.by/все-игры/драконье-королевство-dragomino/
Миссия орехи,10.00 руб.,Возраст игроков 4+,Количество игроков 2-4,http://www.nastolki.by/все-игры/миссия-орехи/
Бамс!,83.00 руб.,Возраст игроков 5+,Количество игроков 2-6,http://www.nastolki.by/все-игры/бамс/
Азбука Мурррзе (Эврикус),24.00 руб.,Возраст игроков 5+,Количество игроков 2-6,http://www.nastolki.by/все-игры/азбука-мурррзе-эврикус/
Кубички (Эврикус),25.00 руб.,Возраст игроков 8+,Количество игроков 2-5,http://www.nastolki.by/все-игры/кубички-эврикус/
Чёрная овечка (Эврикус),26.00 руб.,Возраст игроков 6+,Количество игроков 2-5,http://www.nastolki.by/все-игры/чёрная-овечка-эврикус/
Фруктогонщики (Fabled Fruit),75.00 руб.,Возраст игроков 8+,Количество игроков 2-5,http://www.nastolki.by/все-игры/фруктогонщики-fabled-fruit/
Фигурные прятки (BRAINY GAMES),10.00 руб.,Возраст игроков 4+,Количество игроков 2-4,http://www.nastolki.by/все-игры/фигурные-прятки-brainy-games/
Первые буквы (BRAINY GAMES),10.00 руб.,Возраст игроков 5,Количество игроков 2-4,http://www.nastolki.by/все-игры/первые-буквы-brainy-games/
Сказки по картинкам (BRAINY GAMES),10.00 руб.,Возраст игроков 4+,Количество игроков 2-4,http://www.nastolki.by/все-игры/сказки-по-картинкам-brainy-games/
Автологика (BRAINY GAMES),10.00 руб.,Возраст игроков 4+,Количество игроков 2-4,http://www.nastolki.by/все-игры/автологика-brainy-games/
Счётные лягушки (BRAINY GAMES),10.00 руб.,Возраст игроков 4,Количество игроков 2-4,http://www.nastolki.by/все-игры/счётные-лягушки-brainy-games/
Индустрия (Furnace),75.00 руб.,Возраст игроков 12+,Количество игроков 2-4,http://www.nastolki.by/все-игры/индустрия-furnace/
Шакал Архипелаг. Базовая версия,54.00 руб.,Возраст игроков 6+,Количество игроков 2-4,http://www.nastolki.by/все-игры/шакал-архипелаг.-базовая-версия/
Кот + счёт (BRAINY GAMES),10.00 руб.,Возраст игроков 5+,Количество игроков 2-4,http://www.nastolki.by/все-игры/кот-счёт-brainy-games/
Робопляс (Простые правила),17.00 руб.,Возраст игроков 6+,Количество игроков 2-6,http://www.nastolki.by/все-игры/робопляс-простые-правила/
